Category,Title,URL,Description
IPO,23 Mind-boggling Oligarchs Statistics to Know in 2024,https://techreport.com/statistics/oligarchs-statistics/,"In This Guide Key Oligarchs Statistics General Oligarchs Statistics 1. The Word Oligarchy Was First Used By A Philosopher Named Aristotle. 2. The Net Worth of Billionaires Worldwide Rose From...
The post 23 Mind-boggling Oligarchs Statistics to Know in 2024 a…"
IPO,क्या फिर टाटा ग्रुप मचाएगा IPO मार्केट में धमाल? खबर आते ही शेयर बनने लगे रॉकेट,https://www.aajtak.in/business/news/story/tata-group-stocks-soar-on-reports-of-tata-sons-ipo-see-details-tutc-1894778-2024-03-08,"शुक्रवार को महाशिवरात्रि के मौके पर शेयर बाजार बंद रहा, लेकिन एक दिन पहले गुरुवार को बाजार में लिस्टेड ज्यादातर टाटा फर्मों के स्टॉक्स में तेजी देखने को मिली थी. Tata Chemical Share तो 12 फीसदी की जबरदस्त उछाल के साथ क्लोज हुआ था."
IPO,Baron Capital ups Swiggy’s valuation; new antitrust law fine print,https://economictimes.indiatimes.com/tech/newsletters/tech-top-5/baron-capital-ups-swiggys-valuation-new-antitrust-law-fine-print/articleshow/108331806.cms,"The US-based asset manager has now marked up the fair value of its holding in Bengaluru-based Swiggy for the third consecutive time. The asset manager’s fund held a stake worth $87.2 million in Swiggy’s parent company as of December 31, 2023, up 17% from $74.…"
IPO,ETMarkets SME Talk: Kulbhushan Parashar shares the secret of turning SME companies into multibaggers,https://economictimes.indiatimes.com/markets/expert-view/etmarkets-sme-talk-kulbhushan-parashar-shares-the-secret-of-turning-sme-companies-into-multibaggers/articleshow/108327607.cms,"""The overall Indian economy in the last 2-3 years has seen a major shift in terms of investment and spending. As a significant portion of the population entered high-income zones, correspondingly liquidity in all fundraising channels has jumped."""
IPO,Tata Sons trying to avoid IPO. Is it Ok Tata Bye Bye for multi-billion-dollar rally?,https://economictimes.indiatimes.com/markets/ipos/fpos/tata-sons-trying-to-avoid-ipo-is-it-ok-tata-bye-bye-for-multi-billion-dollar-rally/articleshow/108325011.cms,"The RBI rule that Tata Sons would have to get listed by September next year as it has been classified as an upper-layer NBFC, was known for a long time. But investors started buying Tata stocks, Tata Chemicals in particular, after investment banker Spark Capi…"
IPO,JM Financial says will fully cooperate with Sebi in probe into public issue of debt securities,https://www.livemint.com/companies/news/jm-financial-says-will-fully-cooperate-with-sebi-in-probe-into-public-issue-of-debt-securities-11709873708379.html,"The reply came after markets regulator SEBI barred JM Financial from accepting new mandates to act as a lead manager for the public issue of debt securities, for flouting regulatory norms."
IPO,"Pratham EPC Projects IPO: 11 मार्च से लगा सकेंगे पैसा, ग्रे मार्केट में अभी से भाग रहा शेयर",https://hindi.moneycontrol.com/news/ipo/pratham-epc-projects-ipo-to-open-on-march-11-know-gmp-price-band-lot-size-ipo-dates-and-other-details-1835291.html,Pratham EPC Projects IPO: प्रथम ईपीसी प्रोजेक्ट्स का पब्लिक इश्यू 11 मार्च को ओपन होने जा रहा है। 36 करोड़ रुपये का यह आईपीओ 13 मार्च को क्लोज होगा और इसके लिए प्राइस बैंड 71-75 रुपये प्रति शेयर रखा गा है। इश्यू में 48 लाख नए शेयर जारी होंगे। Pratham EPC Proj…
IPO,"Peak XV, Tiger Global’s Meesho plans; consumer brand deals lure tech VCs",https://economictimes.indiatimes.com/tech/newsletters/morning-dispatch/peak-xv-tiger-globals-meesho-plans-consumer-brand-deals-lure-tech-vcs/articleshow/108313513.cms,Peak XV Partners and Tiger Global are among investors aiming for a stake in ecommerce firm Meesho via secondary deals. More details in a packed edition of ETtech Morning Dispatch.
IPO,Tata Sons looking at debt rejig to avoid IPO next year,https://timesofindia.indiatimes.com/business/india-business/tata-sons-looking-at-debt-rejig-to-avoid-ipo-next-year/articleshow/108313193.cms,"India Business News: MUMBAI: Tata Sons, the holding company of the $150-billion Tata Group, which needs to list by Sept 2025, is exploring the option of restructuring its ."
IPO,Inside Air NZ’s stripped-back alternative to Auckland Airport’s $3.9b terminal plan,https://www.nzherald.co.nz/business/inside-air-nzs-stripped-back-alternative-to-auckland-airports-39b-terminal-plan/LU4C3AXE65D3JIKGIQJWQXUKHE/,Airlines v airport row shifts up a notch; ex-Air NZ execs in line for Virgin's top job.
Energy Policies and Renewable Energy,Green Hydrogen Market Analysis to 2033: Solar Energy Poised to Dominate the Global Market as Cost Reductions Drive Economic Viability,https://www.globenewswire.com/news-release/2024/03/08/2843177/28124/en/Green-Hydrogen-Market-Analysis-to-2033-Solar-Energy-Poised-to-Dominate-the-Global-Market-as-Cost-Reductions-Drive-Economic-Viability.html,"Dublin, March 08, 2024 (GLOBE NEWSWIRE) -- The ""Green Hydrogen Market - A Global and Regional Analysis: Focus on Application, Technology, Renewable Energy Source, and Region - Analysis and Forecast, 2023-2033"" report has been added to ResearchAndMarkets.com's…"
Energy Policies and Renewable Energy,Concentrated Solar Power Market to Reach $12.01 Billion by 2030 Owing to Rise in Demand for Clean Energy Sources | Says Coherent Market Insights,https://www.globenewswire.com/news-release/2024/03/08/2843170/0/en/Concentrated-Solar-Power-Market-to-Reach-12-01-Billion-by-2030-Owing-to-Rise-in-Demand-for-Clean-Energy-Sources-Says-Coherent-Market-Insights.html,"Burlingame, March 08, 2024 (GLOBE NEWSWIRE) -- Coherent Market Insights published a report, titled, Global Concentrated Solar Power Market, By Technology (Parabolic Trough, Solar Power Trough, Fresnel Reflectors, Dish Stirling), By End User Industry (Resident…"
Energy Policies and Renewable Energy,"A Technocratic War on Farmers, Oil Dependency, and Homemade Apple Pie",https://www.globalresearch.ca/technocratic-war-farmers-oil-dependency-homemade-apple-pie/5851574,"All Global Research articles can be read in 51 languages by activating the Translate Website button below the author’s name (only available in desktop version). To receive Global Research’s Daily Newsletter (selected articles), click here. Click the share but…"
Energy Policies and Renewable Energy,BlackRock World Mining Trust Plc - Final Results,https://www.marketscreener.com/quote/stock/BLACKROCK-WORLD-MINING-TR-9590243/news/BlackRock-World-Mining-Trust-Plc-Final-Results-46121861/,"(marketscreener.com) 

BlackRock World Mining Trust plcLEI: LNFFPBEUZJBOSR6PW155 Annual Report and Financial Statements 31 December 2023Performance record As at 31 December 2023 As at 31 December 2022  Net assets...https://www.marketscreener.com/quote/stock/B…"
Energy Policies and Renewable Energy,"Australian homes are getting bigger and bigger, and it's wiping out gains in energy efficiency",https://techxplore.com/news/2024-03-australian-homes-bigger-gains-energy.html,"New Australian homes are being designed bigger and so require more energy for heating and cooling, wiping out potential gains in energy efficiency, according to our new research. The increasing energy demand is inconsistent with global efforts to tackle clima…"
Energy Policies and Renewable Energy,"Kerry: China Says It Might Not Use Coal Plants It’s Building, Have to Spend Trillions a Year to Hit Climate Goals",https://freerepublic.com/focus/f-news/4222575/posts,"On Wednesday’s broadcast of NPR’s “All Things Considered,” Special Presidential Envoy for Climate John Kerry stated that hitting climate goals will cost between 2.5 to 5 trillion dollars annually “for the next 30 years” and that he believes China might not ac…"
Energy Policies and Renewable Energy,Mining Global Market Report 2024,https://www.globenewswire.com/news-release/2024/03/07/2841994/28124/en/Mining-Global-Market-Report-2024.html,"Dublin, March 07, 2024 (GLOBE NEWSWIRE) -- The ""Mining Global Market Report 2024"" report has been added to ResearchAndMarkets.com's offering.The mining market size is expected to see strong growth in the next few years. It will grow to $2825.81 billion in 202…"
Energy Policies and Renewable Energy,"Australian homes are getting bigger and bigger, and it’s wiping out gains in energy efficiency",https://theconversation.com/australian-homes-are-getting-bigger-and-bigger-and-its-wiping-out-gains-in-energy-efficiency-224741,Australia’s increasing energy demand is inconsistent with global efforts to tackle climate change and suggests our housing energy policy requires a radical rethink.
Energy Policies and Renewable Energy,Teleperformance: 2023 Annual Results: Profitable Growth and Strong Cash Flow,https://www.marketscreener.com/quote/stock/TELEPERFORMANCE-SE-4709/news/Teleperformance-2023-Annual-Results-Profitable-Growth-and-Strong-Cash-Flow-46105605/,"(marketscreener.com) 

Record results: fastest like-for-like growth )in the industry, EBITA margin up +40 bps* and free cash flow up > +15%



2024 outlook: further growth and increase in margins on a pro forma basis



Majorel integration well on track: a ta…"
Energy Policies and Renewable Energy,"Plant-based Meals Market size to exceed $230.84 bn by 2032, Says Global Market Insights Inc.",https://www.globenewswire.com/news-release/2024/03/06/2841096/0/en/Plant-based-Meals-Market-size-to-exceed-230-84-bn-by-2032-Says-Global-Market-Insights-Inc.html,"Major plant-based meals market participants include Beyond Meat, Sweet Earth, Impossible Foods, The Vegetarian Butcher, Danone, SunOpta, Unilever, Cargill, Kellogg, Archer Daniels Midland (ADM), The Hain Celestial Group, and Campbell Soup. Major plant-based m…"
Government Regulations and Policies,"China Market Update: “Two Sessions” Drives Technology & Healthcare Rally, Defending PDD & TikTok, Week In Review",https://www.forbes.com/sites/brendanahern/2024/03/08/china-market-update-two-sessions-drives-technology--healthcare-rally-defending-pdd--tiktok-week-in-review/,"Asian equities cheered Fed Chair Powell’s testimony, as South Korea outperformed while India was closed for Mahabharat, “the Great Night of Shiva,” a significant Hindu festival celebrated annually in honor of Lord Shiva."
Government Regulations and Policies,Green Hydrogen Market Analysis to 2033: Solar Energy Poised to Dominate the Global Market as Cost Reductions Drive Economic Viability,https://www.globenewswire.com/news-release/2024/03/08/2843177/28124/en/Green-Hydrogen-Market-Analysis-to-2033-Solar-Energy-Poised-to-Dominate-the-Global-Market-as-Cost-Reductions-Drive-Economic-Viability.html,"Dublin, March 08, 2024 (GLOBE NEWSWIRE) -- The ""Green Hydrogen Market - A Global and Regional Analysis: Focus on Application, Technology, Renewable Energy Source, and Region - Analysis and Forecast, 2023-2033"" report has been added to ResearchAndMarkets.com's…"
Government Regulations and Policies,"A Technocratic War on Farmers, Oil Dependency, and Homemade Apple Pie",https://www.globalresearch.ca/technocratic-war-farmers-oil-dependency-homemade-apple-pie/5851574,"All Global Research articles can be read in 51 languages by activating the Translate Website button below the author’s name (only available in desktop version). To receive Global Research’s Daily Newsletter (selected articles), click here. Click the share but…"
Government Regulations and Policies,"Goat Cheese Market to Reach $9.2 billion, Globally, by 2032 at 4.5% CAGR: Allied Market Research",https://www.globenewswire.com/news-release/2024/03/08/2842997/0/en/Goat-Cheese-Market-to-Reach-9-2-billion-Globally-by-2032-at-4-5-CAGR-Allied-Market-Research.html,"The preference for goat cheese among lactose-intolerant individuals has significantly boosted demand for the goat cheese market. Moreover, the perception of goat cheese as a healthier and more sustainable option contributes to the popularity of the goat chees…"
Government Regulations and Policies,BlackRock World Mining Trust Plc - Final Results,https://www.marketscreener.com/quote/stock/BLACKROCK-WORLD-MINING-TR-9590243/news/BlackRock-World-Mining-Trust-Plc-Final-Results-46121861/,"(marketscreener.com) 

BlackRock World Mining Trust plcLEI: LNFFPBEUZJBOSR6PW155 Annual Report and Financial Statements 31 December 2023Performance record As at 31 December 2023 As at 31 December 2022  Net assets...https://www.marketscreener.com/quote/stock/B…"
Government Regulations and Policies,Sales of Global Plug-in Hybrid Electric Vehicles (PHEVs) are projected to grow at a CAGR of 17.9% by 2034.,https://www.prnewswire.co.uk/news-releases/sales-of-global-plug-in-hybrid-electric-vehicles-phevs-are-projected-to-grow-at-a-cagr-of-17-9-by-2034--302082523.html,"Rising demand for eco-friendly transportation is boosting the plug-in hybrid electric vehicle (PHEV) market. The study by Future Market Insights (FMI) explores factors such as government incentives, environmental concerns, and market trends driving this growt…"
Government Regulations and Policies,"India's healthcare care innovation market to double to $60 billion by FY28, says new report",https://economictimes.indiatimes.com/industry/healthcare/biotech/healthcare/indias-healthcare-care-innovation-market-to-double-to-60-billion-by-fy28-says-new-report/articleshow/108304662.cms,"The report outlines the opportunity in healthcare innovation where companies increasingly leverage emerging technologies to add innovation vectors—including new business models, software-led solutions, and products—that extend beyond more longstanding value e…"
Government Regulations and Policies,Altisource Announces Fourth Quarter and Full Year 2023 Financial Results,https://www.marketscreener.com/quote/stock/ALTISOURCE-PORTFOLIO-SOLU-5506020/news/Altisource-Announces-Fourth-Quarter-and-Full-Year-2023-Financial-Results-46116334/,"(marketscreener.com) LUXEMBOURG, March 07, 2024 -- Altisource Portfolio Solutions S.A. , a leading provider and marketplace for the real estate and mortgage industries, today reported financial results for the fourth quarter and full year 2023. “I am pleased …"
Government Regulations and Policies,Altisource Announces Fourth Quarter and Full Year 2023 Financial Results,https://www.globenewswire.com/news-release/2024/03/07/2842118/12071/en/Altisource-Announces-Fourth-Quarter-and-Full-Year-2023-Financial-Results.html,"LUXEMBOURG, March 07, 2024 (GLOBE NEWSWIRE) -- Altisource Portfolio Solutions S.A. (“Altisource” or the “Company”) (NASDAQ: ASPS), a leading provider and marketplace for the real estate and mortgage industries, today reported financial results for the fourth …"
Government Regulations and Policies,"Keratin Products Market Expected to Reach $3.4 Billion, Globally, by 2032 at 6.1% CAGR—Allied Market Research",https://www.globenewswire.com/news-release/2024/03/07/2842063/0/en/Keratin-Products-Market-Expected-to-Reach-3-4-Billion-Globally-by-2032-at-6-1-CAGR-Allied-Market-Research.html,"The keratin products market is driven by rise in consumer awareness, growth in beauty and grooming consciousness, increase in hair damage and repair solutions, and surge in professional salon services. Moreover, the rapid technological advancement in the medi…"
Healthcare Policies and Regulations,"China Market Update: “Two Sessions” Drives Technology & Healthcare Rally, Defending PDD & TikTok, Week In Review",https://www.forbes.com/sites/brendanahern/2024/03/08/china-market-update-two-sessions-drives-technology--healthcare-rally-defending-pdd--tiktok-week-in-review/,"Asian equities cheered Fed Chair Powell’s testimony, as South Korea outperformed while India was closed for Mahabharat, “the Great Night of Shiva,” a significant Hindu festival celebrated annually in honor of Lord Shiva."
Healthcare Policies and Regulations,"A Technocratic War on Farmers, Oil Dependency, and Homemade Apple Pie",https://www.globalresearch.ca/technocratic-war-farmers-oil-dependency-homemade-apple-pie/5851574,"All Global Research articles can be read in 51 languages by activating the Translate Website button below the author’s name (only available in desktop version). To receive Global Research’s Daily Newsletter (selected articles), click here. Click the share but…"
Healthcare Policies and Regulations,"India's healthcare care innovation market to double to $60 billion by FY28, says new report",https://economictimes.indiatimes.com/industry/healthcare/biotech/healthcare/indias-healthcare-care-innovation-market-to-double-to-60-billion-by-fy28-says-new-report/articleshow/108304662.cms,"The report outlines the opportunity in healthcare innovation where companies increasingly leverage emerging technologies to add innovation vectors—including new business models, software-led solutions, and products—that extend beyond more longstanding value e…"
Healthcare Policies and Regulations,Turning Machine Learning to Federated Learning in Minutes with NVIDIA FLARE 2.4,https://developer.nvidia.com/blog/turning-machine-learning-to-federated-learning-in-minutes-with-nvidia-flare-2-4/,"Federated learning (FL) is experiencing accelerated adoption due to its decentralized, privacy-preserving nature. In sectors such as healthcare and financial services, FL, as a privacy-enhanced…"
Healthcare Policies and Regulations,Earnings call: Flywire reports robust Q4 and FY 2023 financials,https://www.investing.com/news/stock-market-news/earnings-call-flywire-reports-robust-q4-and-fy-2023-financials-93CH-3327726,Earnings call: Flywire reports robust Q4 and FY 2023 financials
Healthcare Policies and Regulations,"Cyber Insurance Market Size to Reach Revenue Worth US$68.2 Bn by 2030-end, Forecasts Fairfield Market Research",https://www.globenewswire.com/news-release/2024/03/06/2841702/0/en/Cyber-Insurance-Market-Size-to-Reach-Revenue-Worth-US-68-2-Bn-by-2030-end-Forecasts-Fairfield-Market-Research.html,"Showcasing a Remarkable CAGR of 26.6% from 2023 to 2030, the Global Cyber Insurance Market is All Set to Undergo Notable Growth with Increasing use of Technology in Cyber Insurance, and Rapidly Expanding Focus on Cyber Resilience. Fairfield Market Research Ca…"
Healthcare Policies and Regulations,"Global Account Reconciliation Software Market Size is Estimated to Reach USD 6930 million by 2030, Growing at a CAGR of 14.8%: Straits Research",https://www.globenewswire.com/news-release/2024/03/06/2841589/0/en/Global-Account-Reconciliation-Software-Market-Size-is-Estimated-to-Reach-USD-6930-million-by-2030-Growing-at-a-CAGR-of-14-8-Straits-Research.html,"The rise in digitization across various industries has led to an increase in demand for reconciliation software. In addition, the retail industry has emerged as one of the most agile sectors in the U.S., owing to a surge in urbanization, favorable government …"
Healthcare Policies and Regulations,India Construction Equipment Market Share Analysis & Growth Forecasts to 2029: Increasing Government Spending on Construction and Infrastructure Development,https://www.globenewswire.com/news-release/2024/03/06/2841129/28124/en/India-Construction-Equipment-Market-Share-Analysis-Growth-Forecasts-to-2029-Increasing-Government-Spending-on-Construction-and-Infrastructure-Development.html,"Dublin, March 06, 2024 (GLOBE NEWSWIRE) -- The ""India Construction Equipment - Market Share Analysis, Industry Trends & Statistics, Growth Forecasts 2019 - 2029"" report has been added to ResearchAndMarkets.com's offering.The India construction equipment marke…"
Healthcare Policies and Regulations,"[Latest] Global Photo Printing and Merchandise Market Size/Share Worth USD 28.2 Billion by 2032 at a 3.2% CAGR: Custom Market Insights (Analysis, Outlook, Leaders, Report, Trends, Forecast, Segmentation, Growth, Growth Rate, Value)",https://www.globenewswire.com/news-release/2024/03/06/2841040/0/en/Latest-Global-Photo-Printing-and-Merchandise-Market-Size-Share-Worth-USD-28-2-Billion-by-2032-at-a-3-2-CAGR-Custom-Market-Insights-Analysis-Outlook-Leaders-Report-Trends-Forecast-S.html,"[220+ Pages Latest Report] According to a market research study published by Custom Market Insights, the demand analysis of Global Photo Printing and Merchandise Market size & share revenue was valued at approximately USD 22.5 Billion in 2022 and is expected …"
Healthcare Policies and Regulations,"India’s business knowledge gained from IT, ITES clients will be its strength in the AI world",https://www.thehindubusinessline.com/multimedia/audio/indias-business-knowledge-gained-from-it-ites-clients-will-be-its-strength-in-the-ai-world/article67917037.ece,What is India’s role in the global tech landscape disrupted by artificial intelligence? Listen to IT captains ideate with businessline’s Haripriya in this State of the Economy podcast
Infrastructure Development and Investments,"Mining Explosives and Systems Market to Reach USD 328.1 billion by 2031, Expanding at a CAGR of 3.3%: Report by Transparency Market Research, Inc.",https://www.globenewswire.com/news-release/2024/03/08/2843295/32656/en/Mining-Explosives-and-Systems-Market-to-Reach-USD-328-1-billion-by-2031-Expanding-at-a-CAGR-of-3-3-Report-by-Transparency-Market-Research-Inc.html,"Intensifying competition among key players drives innovation, pricing strategies, and market expansion in the mining explosives sector. Intensifying competition among key players drives innovation, pricing strategies, and market expansion in the mining explos…"
Infrastructure Development and Investments,"Leak Detection Market to Reach $8.2 Billion, Globally, by 2032 at 5.6% CAGR: Allied Market Research",https://www.globenewswire.com/news-release/2024/03/08/2843216/0/en/Leak-Detection-Market-to-Reach-8-2-Billion-Globally-by-2032-at-5-6-CAGR-Allied-Market-Research.html,"The leak detection market is driven by several factors, including increase in demand for leak detection and repair (LDAR) systems, rise in demand from the oil and gas industry, focus on environmental protection, and the development of smart cities. The leak d…"
Infrastructure Development and Investments,Medical Waste Management Market Worth $12.2 billion | MarketsandMarkets™,https://www.prnewswire.co.uk/news-releases/medical-waste-management-market-worth-12-2-billion--marketsandmarkets-302083825.html,"CHICAGO, March 8, 2024 /PRNewswire/ -- Medical Waste Management Market in terms of revenue was estimated to be worth $9.2 billion in 2023 and is poised to reach $12.2 billion by 2028, growing at a CAGR of 5.9% from 2023 to 2028 according to a new report by Ma…"
Infrastructure Development and Investments,Cold Chain Logistics Market Size to Grow USD 877710 Million by 2030 at a CAGR of 14.8% | Valuates Reports,https://www.prnewswire.co.uk/news-releases/cold-chain-logistics-market-size-to-grow-usd-877710-million-by-2030-at-a-cagr-of-14-8--valuates-reports-302084210.html,"Cold Chain Logistics Market is Segmented by Type (Airways, Roadways, Seaways), by Application (Healthcare, Food and Beverages). BANGALORE, India, March 8, 2024 /PRNewswire/ -- The Global Cold Chain Logistics Market was valued at USD 330680 Million in 2023 and…"
Infrastructure Development and Investments,"Global Carbon Steel Market to Reach $1,284.51 Billion by 2030 Owing To the Rapid Infrastructure Development Activities in Demand for Shipbuilding Industry | Says Coherent Market Insights",https://www.globenewswire.com/news-release/2024/03/08/2843199/0/en/Global-Carbon-Steel-Market-to-Reach-1-284-51-Billion-by-2030-Owing-To-the-Rapid-Infrastructure-Development-Activities-in-Demand-for-Shipbuilding-Industry-Says-Coherent-Market-Insig.html,"Burlingame, March 08, 2024 (GLOBE NEWSWIRE) -- Coherent Market Insights published a report, titled, Global Carbon Steel Market, By Carbon Content (Low Carbon Steel (Mild Steel), Medium Carbon Steel, High Carbon Steel), By End-use Industry (Construction, Autom…"
Infrastructure Development and Investments,Global tech firms likely to lead India’s local AI compute charge,https://www.livemint.com/companies/global-tech-firms-likely-to-lead-india-s-local-ai-compute-charge-11709905439335.html,"For these firms, doing so will entail strategic investments in India’s developing technology ecosystem, industry experts and stakeholders said"
Infrastructure Development and Investments,Green Hydrogen Market Analysis to 2033: Solar Energy Poised to Dominate the Global Market as Cost Reductions Drive Economic Viability,https://www.globenewswire.com/news-release/2024/03/08/2843177/28124/en/Green-Hydrogen-Market-Analysis-to-2033-Solar-Energy-Poised-to-Dominate-the-Global-Market-as-Cost-Reductions-Drive-Economic-Viability.html,"Dublin, March 08, 2024 (GLOBE NEWSWIRE) -- The ""Green Hydrogen Market - A Global and Regional Analysis: Focus on Application, Technology, Renewable Energy Source, and Region - Analysis and Forecast, 2023-2033"" report has been added to ResearchAndMarkets.com's…"
Infrastructure Development and Investments,Concentrated Solar Power Market to Reach $12.01 Billion by 2030 Owing to Rise in Demand for Clean Energy Sources | Says Coherent Market Insights,https://www.globenewswire.com/news-release/2024/03/08/2843170/0/en/Concentrated-Solar-Power-Market-to-Reach-12-01-Billion-by-2030-Owing-to-Rise-in-Demand-for-Clean-Energy-Sources-Says-Coherent-Market-Insights.html,"Burlingame, March 08, 2024 (GLOBE NEWSWIRE) -- Coherent Market Insights published a report, titled, Global Concentrated Solar Power Market, By Technology (Parabolic Trough, Solar Power Trough, Fresnel Reflectors, Dish Stirling), By End User Industry (Resident…"
Infrastructure Development and Investments,"PM Modi to inaugurate BGPL, to boost energy sector in Northeast",https://www.syllad.com/pm-modi-to-inaugurate-bgpl-to-boost-energy-sector-in-northeast/,"Prime Minister Narendra Modi will inaugurate the Barauni-Guwahati Natural Gas Pipeline (BGPL) of Gas Authority India Ltd (GAIL) virtually from Jorhat on Saturday. Assam governor Gulab Chand Kataria, chief minister Himanta Biswa Sarma, Union minister of ports,…"
Infrastructure Development and Investments,"AI (Artificial Intelligence) in Mental Health Market Size/Share Envisaged to Reach USD 10,334.09 Million By 2032, at 30.8% CAGR: Polaris Market Research",https://www.globenewswire.com/news-release/2024/03/08/2843096/0/en/AI-Artificial-Intelligence-in-Mental-Health-Market-Size-Share-Envisaged-to-Reach-USD-10-334-09-Million-By-2032-at-30-8-CAGR-Polaris-Market-Research.html,"The global artificial intelligence (AI) in mental health market size and share is currently valued at USD 921.53 million in 2023. It is anticipated to generate an estimated revenue of USD 10,334.09 million by 2032, according to the latest study by Polaris Mar…"
